1,"e8d7772c-55ca-4dd7-b605-fee5ae764578"
2,"be7e06e9-0bf5-462e-99dc-fe4aee383c48"
3,"23dbff79-8037-43e7-b270-5a3da416a284"
4,"f335ce0e-b830-475a-adab-03858d9cbdaf"
5,"7011f0aa-f5f9-4901-8c10-884ad8296812"
6,"2d0acbd3-2083-4011-9a29-20c626b23dc3"
7,"45bb416c-a63b-429f-8754-b3f76a069c43"
8,"6a098164-9f04-4f65-8104-ffab7f2677f3"
9,"30347aef-a90b-46ba-8746-b53741aa779d"
10,"7d704b6f-d455-4f41-9c28-50b4f372f315"
11,"e1bc9a16-5b6a-494f-98ef-49f461b1a11e"
12,"15f47463-77ea-40d0-bfe8-ca632819f556"
13,"912f1ae3-734e-4cc6-bbf7-0f36843cd7de"
14,"dbeb0ac7-0dec-439e-887a-9924cc8005dd"
15,"a119c440-7e83-4655-a874-97fe1468315a"
16,"a119c440-7e83-4655-a874-97fe1468315a"
17,"aa4362e0-b20a-448b-b2a0-261f4510deb5"
18,"963f8022-3e2e-4be9-ad4d-b3b7a2282099"
19,"65f8d2a1-63ed-479c-b86c-3bcf38e86320"
20,"963f8022-3e2e-4be9-ad4d-b3b7a2282099"
21,"963f8022-3e2e-4be9-ad4d-b3b7a2282099"
22,"e47f0a6c-3be8-4027-9eee-de251784f708"
