"1.1","ad5c1ad3-29c6-413e-a498-dcfc061f314c"
"1.1.1","a119c440-7e83-4655-a874-97fe1468315a"
"1.1.2","65f8d2a1-63ed-479c-b86c-3bcf38e86320"
"1.1.3","e47f0a6c-3be8-4027-9eee-de251784f708"
"1.1.4","aa4362e0-b20a-448b-b2a0-261f4510deb5"
"1.2","269f1973-46b4-4092-aaa7-36b5b8eb7b3e"
"1.2.1","e1bc9a16-5b6a-494f-98ef-49f461b1a11e"
"1.2.2","15f47463-77ea-40d0-bfe8-ca632819f556"
"1.2.3","dbeb0ac7-0dec-439e-887a-9924cc8005dd"
"1.2.4","dbeb0ac7-0dec-439e-887a-9924cc8005dd"
"1.3","7bfbc057-73fa-4c4c-aaff-9d3696a9c4f5"
"1.3.1","e8d7772c-55ca-4dd7-b605-fee5ae764578"
"1.3.2","be7e06e9-0bf5-462e-99dc-fe4aee383c48"
"1.3.3","f335ce0e-b830-475a-adab-03858d9cbdaf"
"1.3.4","7011f0aa-f5f9-4901-8c10-884ad8296812"
"1.3.5","23dbff79-8037-43e7-b270-5a3da416a284"
"2","9ee6ba06-4401-409c-ac4e-e8ec188aa512"
"2.1","6a098164-9f04-4f65-8104-ffab7f2677f3"
"2.1.1","6a098164-9f04-4f65-8104-ffab7f2677f3"
"2.1.2","6a098164-9f04-4f65-8104-ffab7f2677f3"
"2.1.3","6a098164-9f04-4f65-8104-ffab7f2677f3"
"2.1.4","6a098164-9f04-4f65-8104-ffab7f2677f3"
"2.1.5","6a098164-9f04-4f65-8104-ffab7f2677f3"
"2.1.6","6a098164-9f04-4f65-8104-ffab7f2677f3"
"2.1.7","6a098164-9f04-4f65-8104-ffab7f2677f3"
"2.1.8","6a098164-9f04-4f65-8104-ffab7f2677f3"
"2.2","30347aef-a90b-46ba-8746-b53741aa779d"
"2.2.1","30347aef-a90b-46ba-8746-b53741aa779d"
"2.2.2","30347aef-a90b-46ba-8746-b53741aa779d"
"2.2.3","30347aef-a90b-46ba-8746-b53741aa779d"
"2.2.4","30347aef-a90b-46ba-8746-b53741aa779d"
"2.2.5","30347aef-a90b-46ba-8746-b53741aa779d"
"2.2.6","30347aef-a90b-46ba-8746-b53741aa779d"
"2.2.7","30347aef-a90b-46ba-8746-b53741aa779d"
"2.2.8","30347aef-a90b-46ba-8746-b53741aa779d"
"2.3","45bb416c-a63b-429f-8754-b3f76a069c43"
"2.3.1","45bb416c-a63b-429f-8754-b3f76a069c43"
"2.3.2","45bb416c-a63b-429f-8754-b3f76a069c43"
"2.3.3","45bb416c-a63b-429f-8754-b3f76a069c43"
"2.3.4","45bb416c-a63b-429f-8754-b3f76a069c43"
"2.3.5","45bb416c-a63b-429f-8754-b3f76a069c43"
"2.3.6","45bb416c-a63b-429f-8754-b3f76a069c43"
"2.3.7","45bb416c-a63b-429f-8754-b3f76a069c43"
"2.3.8","45bb416c-a63b-429f-8754-b3f76a069c43"
"2.4","2d0acbd3-2083-4011-9a29-20c626b23dc3"
"2.4.1","2d0acbd3-2083-4011-9a29-20c626b23dc3"
"2.4.2","2d0acbd3-2083-4011-9a29-20c626b23dc3"
"2.4.3","2d0acbd3-2083-4011-9a29-20c626b23dc3"
"2.4.4","2d0acbd3-2083-4011-9a29-20c626b23dc3"
"2.4.5","2d0acbd3-2083-4011-9a29-20c626b23dc3"
"3","7d704b6f-d455-4f41-9c28-50b4f372f315"
"3.1","7d704b6f-d455-4f41-9c28-50b4f372f315"
"3.2","7d704b6f-d455-4f41-9c28-50b4f372f315"
